{"parameters": {"algo": "ATM_RMDP", "env": "Drone", "env_var": "None", "env_gen": null, "env_size": 0, "m_cost": 0.01, "nmbr_eps": "25", "nmbr_runs": 1, "f": null, "rep": "./Data/", "save": true, "alpha_plan": "0.95", "env_var_plan": 0, "alpha_measure": 0, "env_var_measure": 0, "alpha_real": "0.95", "beta": 0, "env_remake": true}, "reward_per_eps": [[0.97, -0.01, -0.01, 0.96, -0.01, -0.01, 0.98, -0.01, 0.96, 0.96, 0.97, -0.01, 0.97, -0.01, -0.01, 0.96, 0.96, 0.96, -0.01, 0.96, 0.95, 0.9299999999999999, 0.97, 0.97, 0.97]], "steps_per_eps": [[8.0, 2.0, 2.0, 8.0, 2.0, 2.0, 8.0, 2.0, 8.0, 9.0, 9.0, 2.0, 7.0, 2.0, 2.0, 9.0, 10.0, 10.0, 2.0, 9.0, 10.0, 11.0, 8.0, 7.0, 9.0]], "measurements_per_eps": [[3.0, 1.0, 1.0, 4.0, 1.0, 1.0, 2.0, 1.0, 4.0, 4.0, 3.0, 1.0, 3.0, 1.0, 1.0, 4.0, 4.0, 4.0, 1.0, 4.0, 5.0, 7.0, 3.0, 3.0, 3.0]], "reward_avg": 0.6124, "steps_avg": 6.32, "measurements_avg": 2.76, "start_time": 755765.3617671, "current_time": 755765.3827584}