{"parameters": {"algo": "ATM_Robust", "env": "Drone", "env_var": "None", "env_gen": null, "env_size": 0, "m_cost": 0.01, "nmbr_eps": "25", "nmbr_runs": 1, "f": null, "rep": "./Data/", "save": true, "alpha_plan": "0.95", "env_var_plan": 0, "alpha_measure": 0, "env_var_measure": 0, "alpha_real": "0.95", "beta": 0, "env_remake": true}, "reward_per_eps": [[0.96, -0.01, -0.01, 0.96, -0.01, -0.01, 0.98, -0.01, 0.96, 0.95, -0.01, -0.01, 0.96, -0.01, 0.96, 0.95, -0.01, -0.01, -0.01, 0.96, -0.01, 0.96, 0.95, 0.96, -0.01]], "steps_per_eps": [[8.0, 2.0, 2.0, 8.0, 2.0, 2.0, 8.0, 2.0, 8.0, 9.0, 2.0, 2.0, 8.0, 2.0, 8.0, 10.0, 2.0, 2.0, 3.0, 10.0, 2.0, 9.0, 10.0, 8.0, 2.0]], "measurements_per_eps": [[4.0, 1.0, 1.0, 4.0, 1.0, 1.0, 2.0, 1.0, 4.0, 5.0, 1.0, 1.0, 4.0, 1.0, 4.0, 5.0, 1.0, 1.0, 1.0, 4.0, 1.0, 4.0, 5.0, 4.0, 1.0]], "reward_avg": 0.45519999999999994, "steps_avg": 5.24, "measurements_avg": 2.48, "start_time": 755787.5979938, "current_time": 755788.9141377}