{"parameters": {"algo": "ATM", "env": "Drone", "env_var": "None", "env_gen": null, "env_size": 0, "m_cost": 0.0001, "nmbr_eps": "25", "nmbr_runs": 1, "f": null, "rep": "./Data/", "save": true, "alpha_plan": 1, "env_var_plan": 0, "alpha_measure": 0, "env_var_measure": 0, "alpha_real": "1", "beta": 0, "env_remake": true}, "reward_per_eps": [[0.9997, 0.9994, 0.9996, -0.0001, 0.8995000000000001, 0.8797, -0.0001, 0.9995, 0.9995, 0.8395, -0.0001, 0.8795000000000001, 0.8995000000000001, 0.9996, 0.9993, 0.9995, 0.9996, -0.0001, -0.0001, 0.9196000000000001, -0.0001, 0.9993, 0.8996000000000001, -0.0001, -0.0001]], "steps_per_eps": [[8.0, 10.0, 8.0, 2.0, 10.0, 9.0, 2.0, 8.0, 9.0, 9.0, 2.0, 10.0, 10.0, 10.0, 10.0, 9.0, 7.0, 2.0, 2.0, 9.0, 2.0, 9.0, 9.0, 2.0, 2.0]], "measurements_per_eps": [[3.0, 6.0, 4.0, 1.0, 5.0, 3.0, 1.0, 5.0, 5.0, 5.0, 1.0, 5.0, 5.0, 4.0, 7.0, 5.0, 4.0, 1.0, 1.0, 4.0, 1.0, 7.0, 4.0, 1.0, 1.0]], "reward_avg": 0.648444, "steps_avg": 6.8, "measurements_avg": 3.56, "start_time": 755601.9663918, "current_time": 755601.9891638}