{"parameters": {"algo": "ATM_Robust", "env": "Drone", "env_var": "None", "env_gen": null, "env_size": 0, "m_cost": 0.0001, "nmbr_eps": "25", "nmbr_runs": 1, "f": null, "rep": "./Data/", "save": true, "alpha_plan": "0.95", "env_var_plan": 0, "alpha_measure": 0, "env_var_measure": 0, "alpha_real": "0.95", "beta": 0, "env_remake": true}, "reward_per_eps": [[0.9995, -0.0001, -0.0001, 0.9994, 0.9994, 0.9994, 0.9994, 0.9994, 0.9993, 0.9994, -0.0001, 0.9996, 0.9997, 0.9993, -0.0001, 0.9993, 0.9993, -0.0001, -0.0001, 0.9995, 0.9993, 0.9994, 0.9994, -0.0001, -0.0001]], "steps_per_eps": [[8.0, 2.0, 2.0, 8.0, 9.0, 9.0, 8.0, 10.0, 10.0, 9.0, 2.0, 7.0, 7.0, 9.0, 2.0, 10.0, 10.0, 2.0, 2.0, 8.0, 9.0, 9.0, 8.0, 2.0, 2.0]], "measurements_per_eps": [[5.0, 1.0, 1.0, 6.0, 6.0, 6.0, 6.0, 6.0, 7.0, 6.0, 1.0, 4.0, 3.0, 7.0, 1.0, 7.0, 7.0, 1.0, 1.0, 5.0, 7.0, 6.0, 6.0, 1.0, 1.0]], "reward_avg": 0.6795680000000001, "steps_avg": 6.56, "measurements_avg": 4.32, "start_time": 755633.1130112, "current_time": 755634.5888122}