{"parameters": {"algo": "ATM", "env": "Drone", "env_var": "None", "env_gen": null, "env_size": 0, "m_cost": 0.01, "nmbr_eps": "25", "nmbr_runs": 1, "f": null, "rep": "./Data/", "save": true, "alpha_plan": "0.95", "env_var_plan": 0, "alpha_measure": 0, "env_var_measure": 0, "alpha_real": "0.95", "beta": 0, "env_remake": true}, "reward_per_eps": [[0.98, 0.98, 0.96, -0.01, 0.96, 0.96, 0.97, 0.97, -0.01, -0.01, 0.97, 0.96, -0.01, 0.7654545454545454, -0.01, -0.01, 0.97, -0.03, -0.01, -0.01, 0.96, -0.01, -0.04, -0.01, -0.01]], "steps_per_eps": [[8.0, 9.0, 7.0, 2.0, 8.0, 13.0, 9.0, 9.0, 2.0, 2.0, 9.0, 9.0, 2.0, 9.0, 2.0, 2.0, 9.0, 7.0, 2.0, 2.0, 9.0, 2.0, 8.0, 2.0, 2.0]], "measurements_per_eps": [[2.0, 2.0, 4.0, 1.0, 4.0, 4.0, 3.0, 3.0, 1.0, 1.0, 3.0, 4.0, 1.0, 3.0, 1.0, 1.0, 3.0, 3.0, 1.0, 1.0, 4.0, 1.0, 4.0, 1.0, 1.0]], "reward_avg": 0.44901818181818176, "steps_avg": 5.8, "measurements_avg": 2.28, "start_time": 755742.8901249, "current_time": 755742.9095649}