{"parameters": {"algo": "ATM_Robust", "env": "Drone", "env_var": "None", "env_gen": null, "env_size": 0, "m_cost": 0.01, "nmbr_eps": "25", "nmbr_runs": 1, "f": null, "rep": "./Data/", "save": true, "alpha_plan": 1, "env_var_plan": 0, "alpha_measure": 0, "env_var_measure": 0, "alpha_real": 1, "beta": 0, "env_remake": true}, "reward_per_eps": [[-0.01, -0.01, 0.96, -0.01, 0.94, -0.01, -0.01, -0.01, -0.01, 0.95, 0.95, 0.92, -0.01, -0.01, 0.9299999999999999, 0.94, 0.94, 0.94, 0.94, 0.95, 0.95, 0.91, -0.01, -0.01, -0.01]], "steps_per_eps": [[2.0, 2.0, 11.0, 2.0, 11.0, 2.0, 2.0, 4.0, 2.0, 13.0, 12.0, 15.0, 2.0, 2.0, 12.0, 13.0, 11.0, 14.0, 9.0, 11.0, 11.0, 16.0, 2.0, 2.0, 2.0]], "measurements_per_eps": [[1.0, 1.0, 4.0, 1.0, 6.0, 1.0, 1.0, 1.0, 1.0, 5.0, 5.0, 8.0, 1.0, 1.0, 7.0, 6.0, 6.0, 6.0, 6.0, 5.0, 5.0, 9.0, 1.0, 1.0, 1.0]], "reward_avg": 0.484, "steps_avg": 7.4, "measurements_avg": 3.6, "start_time": 754444.6397806, "current_time": 754447.1374623}