{"parameters": {"algo": "ATM_Control_Robust", "env": "Drone", "env_var": "None", "env_gen": null, "env_size": 0, "m_cost": 0.0001, "nmbr_eps": "25", "nmbr_runs": 1, "f": null, "rep": "./Data/", "save": true, "alpha_plan": 1, "env_var_plan": 0, "alpha_measure": 0, "env_var_measure": 0, "alpha_real": 1, "beta": 0, "env_remake": true}, "reward_per_eps": [[0.9989, -0.0001, 0.9992, -0.0001, 0.9993, -0.0001, -0.0001, 0.9992, -0.0001, -0.0001, 0.9994, 0.9991, 0.9994, -0.0001, -0.0001, -0.0001, 0.999, -0.0001, 0.999, -0.0001, 0.9993, -0.0001, 0.9992, 0.9993, -0.0001]], "steps_per_eps": [[16.0, 2.0, 12.0, 2.0, 11.0, 2.0, 2.0, 11.0, 2.0, 2.0, 10.0, 12.0, 10.0, 2.0, 2.0, 2.0, 14.0, 2.0, 14.0, 2.0, 9.0, 2.0, 12.0, 11.0, 2.0]], "measurements_per_eps": [[11.0, 1.0, 8.0, 1.0, 7.0, 1.0, 1.0, 8.0, 1.0, 1.0, 6.0, 9.0, 6.0, 1.0, 1.0, 1.0, 10.0, 1.0, 10.0, 1.0, 7.0, 1.0, 8.0, 7.0, 1.0]], "reward_avg": 0.47956, "steps_avg": 6.72, "measurements_avg": 4.4, "start_time": 754676.1778177, "current_time": 754677.6963783}